ride_hour,avg_speed
15,11.78333346
10,11.75
18,11.4000001
13,10.9000001
11,10.69999981
14,10.64999986
12,10.53333346
17,10.10000038
20,9.100000381
