Duration,Average Speed
43.6,13
43.85,13
48.7167,11.30000019
55.6333,11.19999981
56.9667,10.30000019
58.2,14.75
66.6667,10.69999981
82.7667,10.10000038
89.1833,11
91.1167,10.5
96.5167,10.69999981
97.2833,10.30000019
98.1833,9.899999619
100.567,11.5
102.433,9.600000381
141.233,9.800000191
147.65,10.5
149.883,9.100000381
186.717,10.30000019
