Hours Since Last Ride,Average Speed
0,10.30000019
18.7333,10.5
23.0167,11.5
23.5667,10.5
23.7333,9.899999619
25.4,11
26.75,10.30000019
32.15,9.100000381
39.7,13
44.1167,11.30000019
45.8,10.69999981
54.7333,10.10000038
69.5833,9.600000381
73.6667,10.30000019
73.8167,14.75
80.3333,13
140,10.69999981
140.75,11.19999981
341.483,9.800000191
